cluster,weight,days
0,0.136986301369863,50.0
1,0.4,146.0
2,0.11232876712328767,41.0
3,0.13972602739726028,51.0
4,0.21095890410958903,77.0
